symbol,name,url
A,,/products/stock/A/
AA,,/products/stock/AA/
AAL,,/products/stock/AAL/
AAPL,,/products/stock/AAPL/
ABBV,,/products/stock/ABBV/
ABCL,,/products/stock/ABCL/
ABNB,,/products/stock/ABNB/
ABT,,/products/stock/ABT/
ACAD,,/products/stock/ACAD/
ACB,,/products/stock/ACB/
ACGL,,/products/stock/ACGL/
ACIW,,/products/stock/ACIW/
ACM,,/products/stock/ACM/
ACN,,/products/stock/ACN/
ADBE,,/products/stock/ADBE/
ADI,,/products/stock/ADI/
ADM,,/products/stock/ADM/
ADNT,,/products/stock/ADNT/
ADP,,/products/stock/ADP/
ADPT,,/products/stock/ADPT/
ADS,,/products/stock/ADS/
ADSK,,/products/stock/ADSK/
AEE,,/products/stock/AEE/
AEIS,,/products/stock/AEIS/
AEM,,/products/stock/AEM/
AEP,,/products/stock/AEP/
AER,,/products/stock/AER/
AES,,/products/stock/AES/
AF,,/products/stock/AF/
AFG,,/products/stock/AFG/
AFL,,/products/stock/AFL/
AFRM,,/products/stock/AFRM/
AG,,/products/stock/AG/
AGCO,,/products/stock/AGCO/
AGI,,/products/stock/AGI/
AGNC,,/products/stock/AGNC/
AGNCM,,/products/stock/AGNCM/
AI,,/products/stock/AI/
AIG,,/products/stock/AIG/
AIR,,/products/stock/AIR/
AIZ,,/products/stock/AIZ/
AJG,,/products/stock/AJG/
AKAM,,/products/stock/AKAM/
ALAB,,/products/stock/ALAB/
ALB,,/products/stock/ALB/
ALC,,/products/stock/ALC/
ALGN,,/products/stock/ALGN/
ALK,,/products/stock/ALK/
ALKS,,/products/stock/ALKS/
ALL,,/products/stock/ALL/
ALLE,,/products/stock/ALLE/
ALLY,,/products/stock/ALLY/
ALNY,,/products/stock/ALNY/
ALSN,,/products/stock/ALSN/
AMAT,,/products/stock/AMAT/
AMBA,,/products/stock/AMBA/
AMC,,/products/stock/AMC/
AMD,,/products/stock/AMD/
AME,,/products/stock/AME/
AMGN,,/products/stock/AMGN/
AMH,,/products/stock/AMH/
AMP,,/products/stock/AMP/
AMT,,/products/stock/AMT/
AMX,,/products/stock/AMX/
AMZN,,/products/stock/AMZN/
AN,,/products/stock/AN/
ANET,,/products/stock/ANET/
AON,,/products/stock/AON/
AOS,,/products/stock/AOS/
APA,,/products/stock/APA/
APD,,/products/stock/APD/
APG,,/products/stock/APG/
APH,,/products/stock/APH/
APLS,,/products/stock/APLS/
APO,,/products/stock/APO/
APP,,/products/stock/APP/
APPN,,/products/stock/APPN/
APTV,,/products/stock/APTV/
ARCC,,/products/stock/ARCC/
ARE,,/products/stock/ARE/
ARES,,/products/stock/ARES/
ARGX,,/products/stock/ARGX/
ARM,,/products/stock/ARM/
ARMK,,/products/stock/ARMK/
ARRY,,/products/stock/ARRY/
ARW,,/products/stock/ARW/
ARWR,,/products/stock/ARWR/
AS,,/products/stock/AS/
ASAN,,/products/stock/ASAN/
ASH,,/products/stock/ASH/
ASML,,/products/stock/ASML/
ASND,,/products/stock/ASND/
ASTS,,/products/stock/ASTS/
ASX,,/products/stock/ASX/
ATI,,/products/stock/ATI/
ATO,,/products/stock/ATO/
ATR,,/products/stock/ATR/
AU,,/products/stock/AU/
AVAV,,/products/stock/AVAV/
AVB,,/products/stock/AVB/
AVGO,,/products/stock/AVGO/
AVNT,,/products/stock/AVNT/
AVT,,/products/stock/AVT/
AVTR,,/products/stock/AVTR/
AVY,,/products/stock/AVY/
AWK,,/products/stock/AWK/
AXON,,/products/stock/AXON/
AXP,,/products/stock/AXP/
AXS,,/products/stock/AXS/
AYI,,/products/stock/AYI/
AZN,,/products/stock/AZN/
AZO,,/products/stock/AZO/
B,,/products/stock/B/
BA,,/products/stock/BA/
BABA,,/products/stock/BABA/
BAC,,/products/stock/BAC/
BAH,,/products/stock/BAH/
BALL,,/products/stock/BALL/
BAM,,/products/stock/BAM/
BAP,,/products/stock/BAP/
BAS,,/products/stock/BAS/
BAX,,/products/stock/BAX/
BAYN,,/products/stock/BAYN/
BB,,/products/stock/BB/
BBIO,,/products/stock/BBIO/
BBVA,,/products/stock/BBVA/
BBWI,,/products/stock/BBWI/
BBY,,/products/stock/BBY/
BC,,/products/stock/BC/
BCE,,/products/stock/BCE/
BCH,,/products/stock/BCH/
BCS,,/products/stock/BCS/
BDX,,/products/stock/BDX/
BE,,/products/stock/BE/
BEKE,,/products/stock/BEKE/
BEN,,/products/stock/BEN/
BEP,,/products/stock/BEP/
BEPC,,/products/stock/BEPC/
BFAM,,/products/stock/BFAM/
BG,,/products/stock/BG/
BHC,,/products/stock/BHC/
BHP,,/products/stock/BHP/
BIDU,,/products/stock/BIDU/
BIIB,,/products/stock/BIIB/
BILI,,/products/stock/BILI/
BIO,,/products/stock/BIO/
BIP,,/products/stock/BIP/
BIRK,,/products/stock/BIRK/
BJ,,/products/stock/BJ/
BK,,/products/stock/BK/
BKNG,,/products/stock/BKNG/
BKR,,/products/stock/BKR/
BLD,,/products/stock/BLD/
BLDR,,/products/stock/BLDR/
BLK,,/products/stock/BLK/
BLKB,,/products/stock/BLKB/
BLSH,,/products/stock/BLSH/
BMBL,,/products/stock/BMBL/
BMNR,,/products/stock/BMNR/
BMO,,/products/stock/BMO/
BMRN,,/products/stock/BMRN/
BMW,,/products/stock/BMW/
BMY,,/products/stock/BMY/
BN,,/products/stock/BN/
BNGO,,/products/stock/BNGO/
BNP,,/products/stock/BNP/
BNS,,/products/stock/BNS/
BNT,,/products/stock/BNT/
BNTX,,/products/stock/BNTX/
BOKF,,/products/stock/BOKF/
BPOP,,/products/stock/BPOP/
BR,,/products/stock/BR/
BRKR,,/products/stock/BRKR/
BRO,,/products/stock/BRO/
BRSL,,/products/stock/BRSL/
BSAC,,/products/stock/BSAC/
BSX,,/products/stock/BSX/
BSY,,/products/stock/BSY/
BTI,,/products/stock/BTI/
BUD,,/products/stock/BUD/
BURL,,/products/stock/BURL/
BWA,,/products/stock/BWA/
BWXT,,/products/stock/BWXT/
BX,,/products/stock/BX/
BXP,,/products/stock/BXP/
C,,/products/stock/C/
CACI,,/products/stock/CACI/
CAG,,/products/stock/CAG/
CAH,,/products/stock/CAH/
CARR,,/products/stock/CARR/
CASY,,/products/stock/CASY/
CAT,,/products/stock/CAT/
CB,,/products/stock/CB/
CBRE,,/products/stock/CBRE/
CBSH,,/products/stock/CBSH/
CCEP,,/products/stock/CCEP/
CCI,,/products/stock/CCI/
CCJ,,/products/stock/CCJ/
CCK,,/products/stock/CCK/
CCL,,/products/stock/CCL/
CDNS,,/products/stock/CDNS/
CDW,,/products/stock/CDW/
CE,,/products/stock/CE/
CEG,,/products/stock/CEG/
CELH,,/products/stock/CELH/
CERS,,/products/stock/CERS/
CERT,,/products/stock/CERT/
CF,,/products/stock/CF/
CFG,,/products/stock/CFG/
CFR,,/products/stock/CFR/
CG,,/products/stock/CG/
CGC,,/products/stock/CGC/
CGNX,,/products/stock/CGNX/
CHD,,/products/stock/CHD/
CHKP,,/products/stock/CHKP/
CHRW,,/products/stock/CHRW/
CHT,,/products/stock/CHT/
CHTR,,/products/stock/CHTR/
CHWY,,/products/stock/CHWY/
CHYM,,/products/stock/CHYM/
CI,,/products/stock/CI/
CIB,,/products/stock/CIB/
CIEN,,/products/stock/CIEN/
CINF,,/products/stock/CINF/
CLF,,/products/stock/CLF/
CLH,,/products/stock/CLH/
CLS,,/products/stock/CLS/
CLSK,,/products/stock/CLSK/
CLX,,/products/stock/CLX/
CM,,/products/stock/CM/
CMCSA,,/products/stock/CMCSA/
CME,,/products/stock/CME/
CMG,,/products/stock/CMG/
CMI,,/products/stock/CMI/
CMS,,/products/stock/CMS/
CNA,,/products/stock/CNA/
CNC,,/products/stock/CNC/
CNI,,/products/stock/CNI/
CNP,,/products/stock/CNP/
CNQ,,/products/stock/CNQ/
COF,,/products/stock/COF/
COHR,,/products/stock/COHR/
COIN,,/products/stock/COIN/
COLM,,/products/stock/COLM/
COO,,/products/stock/COO/
COP,,/products/stock/COP/
COR,,/products/stock/COR/
COST,,/products/stock/COST/
CP,,/products/stock/CP/
CPA,,/products/stock/CPA/
CPAY,,/products/stock/CPAY/
CPB,,/products/stock/CPB/
CPNG,,/products/stock/CPNG/
CPRI,,/products/stock/CPRI/
CPRT,,/products/stock/CPRT/
CPT,,/products/stock/CPT/
CQP,,/products/stock/CQP/
CR,,/products/stock/CR/
CRBG,,/products/stock/CRBG/
CRCL,,/products/stock/CRCL/
CRDO,,/products/stock/CRDO/
CRH,,/products/stock/CRH/
CRI,,/products/stock/CRI/
CRM,,/products/stock/CRM/
CRON,,/products/stock/CRON/
CRS,,/products/stock/CRS/
CRSR,,/products/stock/CRSR/
CRUS,,/products/stock/CRUS/
CRWD,,/products/stock/CRWD/
CRWV,,/products/stock/CRWV/
CSCO,,/products/stock/CSCO/
CSGP,,/products/stock/CSGP/
CSIQ,,/products/stock/CSIQ/
CSL,,/products/stock/CSL/
CSX,,/products/stock/CSX/
CTAS,,/products/stock/CTAS/
CTRA,,/products/stock/CTRA/
CTSH,,/products/stock/CTSH/
CTVA,,/products/stock/CTVA/
CVE,,/products/stock/CVE/
CVNA,,/products/stock/CVNA/
CVS,,/products/stock/CVS/
CW,,/products/stock/CW/
CWBC,,/products/stock/CWBC/
CX,,/products/stock/CX/
CXM,,/products/stock/CXM/
CYBR,,/products/stock/CYBR/
CZR,,/products/stock/CZR/
D,,/products/stock/D/
DAL,,/products/stock/DAL/
DBK,,/products/stock/DBK/
DBX,,/products/stock/DBX/
DCI,,/products/stock/DCI/
DDOG,,/products/stock/DDOG/
DE,,/products/stock/DE/
DECK,,/products/stock/DECK/
DEI,,/products/stock/DEI/
DELL,,/products/stock/DELL/
DEO,,/products/stock/DEO/
DG,,/products/stock/DG/
DGX,,/products/stock/DGX/
DHI,,/products/stock/DHI/
DHR,,/products/stock/DHR/
DIS,,/products/stock/DIS/
DJT,,/products/stock/DJT/
DKNG,,/products/stock/DKNG/
DKS,,/products/stock/DKS/
DLB,,/products/stock/DLB/
DLR,,/products/stock/DLR/
DLTR,,/products/stock/DLTR/
DNLI,,/products/stock/DNLI/
DOC,,/products/stock/DOC/
DOCS,,/products/stock/DOCS/
DOCU,,/products/stock/DOCU/
DOV,,/products/stock/DOV/
DOW,,/products/stock/DOW/
DOX,,/products/stock/DOX/
DPZ,,/products/stock/DPZ/
DRI,,/products/stock/DRI/
DT,,/products/stock/DT/
DTE,,/products/stock/DTE/
DTM,,/products/stock/DTM/
DUK,,/products/stock/DUK/
DUOL,,/products/stock/DUOL/
DVA,,/products/stock/DVA/
DVN,,/products/stock/DVN/
DXCM,,/products/stock/DXCM/
EA,,/products/stock/EA/
EBAY,,/products/stock/EBAY/
EC,,/products/stock/EC/
ECL,,/products/stock/ECL/
ED,,/products/stock/ED/
EDU,,/products/stock/EDU/
EFX,,/products/stock/EFX/
EG,,/products/stock/EG/
EGP,,/products/stock/EGP/
EHC,,/products/stock/EHC/
EIX,,/products/stock/EIX/
EL,,/products/stock/EL/
ELAN,,/products/stock/ELAN/
ELS,,/products/stock/ELS/
ELV,,/products/stock/ELV/
EMA,,/products/stock/EMA/
EMBJ,,/products/stock/EMBJ/
EME,,/products/stock/EME/
EMN,,/products/stock/EMN/
EMR,,/products/stock/EMR/
ENB,,/products/stock/ENB/
ENEL,,/products/stock/ENEL/
ENI,,/products/stock/ENI/
ENIC,,/products/stock/ENIC/
ENOV,,/products/stock/ENOV/
ENR,,/products/stock/ENR/
ENS,,/products/stock/ENS/
ENTG,,/products/stock/ENTG/
EOG,,/products/stock/EOG/
EPD,,/products/stock/EPD/
EQH,,/products/stock/EQH/
EQIX,,/products/stock/EQIX/
EQNR,,/products/stock/EQNR/
EQR,,/products/stock/EQR/
EQT,,/products/stock/EQT/
ERIE,,/products/stock/ERIE/
ESLT,,/products/stock/ESLT/
ESS,,/products/stock/ESS/
ET,,/products/stock/ET/
ETN,,/products/stock/ETN/
ETR,,/products/stock/ETR/
ETSY,,/products/stock/ETSY/
EVR,,/products/stock/EVR/
EVRG,,/products/stock/EVRG/
EW,,/products/stock/EW/
EWBC,,/products/stock/EWBC/
EXAS,,/products/stock/EXAS/
EXC,,/products/stock/EXC/
EXE,,/products/stock/EXE/
EXEL,,/products/stock/EXEL/
EXP,,/products/stock/EXP/
EXPD,,/products/stock/EXPD/
EXPE,,/products/stock/EXPE/
EXR,,/products/stock/EXR/
F,,/products/stock/F/
FA,,/products/stock/FA/
FANG,,/products/stock/FANG/
FAST,,/products/stock/FAST/
FBIN,,/products/stock/FBIN/
FCNCA,,/products/stock/FCNCA/
FCX,,/products/stock/FCX/
FDS,,/products/stock/FDS/
FDX,,/products/stock/FDX/
FE,,/products/stock/FE/
FER,,/products/stock/FER/
FERG,,/products/stock/FERG/
FFIV,,/products/stock/FFIV/
FHN,,/products/stock/FHN/
FICO,,/products/stock/FICO/
FIG,,/products/stock/FIG/
FIGS,,/products/stock/FIGS/
FIS,,/products/stock/FIS/
FISV,,/products/stock/FISV/
FITB,,/products/stock/FITB/
FIX,,/products/stock/FIX/
FIZZ,,/products/stock/FIZZ/
FLEX,,/products/stock/FLEX/
FLG,,/products/stock/FLG/
FLO,,/products/stock/FLO/
FLS,,/products/stock/FLS/
FLUT,,/products/stock/FLUT/
FLYW,,/products/stock/FLYW/
FMC,,/products/stock/FMC/
FMS,,/products/stock/FMS/
FMX,,/products/stock/FMX/
FN,,/products/stock/FN/
FNF,,/products/stock/FNF/
FNV,,/products/stock/FNV/
FOX,,/products/stock/FOX/
FOXF,,/products/stock/FOXF/
FRMI,,/products/stock/FRMI/
FRT,,/products/stock/FRT/
FSLR,,/products/stock/FSLR/
FSLY,,/products/stock/FSLY/
FTAI,,/products/stock/FTAI/
FTNT,,/products/stock/FTNT/
FTS,,/products/stock/FTS/
FTV,,/products/stock/FTV/
FUTU,,/products/stock/FUTU/
FVRR,,/products/stock/FVRR/
FWONA,,/products/stock/FWONA/
G,,/products/stock/G/
GAP,,/products/stock/GAP/
GBTC,,/products/stock/GBTC/
GD,,/products/stock/GD/
GDDY,,/products/stock/GDDY/
GE,,/products/stock/GE/
GEHC,,/products/stock/GEHC/
GEN,,/products/stock/GEN/
GEV,,/products/stock/GEV/
GEVO,,/products/stock/GEVO/
GFI,,/products/stock/GFI/
GFL,,/products/stock/GFL/
GFS,,/products/stock/GFS/
GGG,,/products/stock/GGG/
GH,,/products/stock/GH/
GIB,,/products/stock/GIB/
GIL,,/products/stock/GIL/
GILD,,/products/stock/GILD/
GIS,,/products/stock/GIS/
GL,,/products/stock/GL/
GLPI,,/products/stock/GLPI/
GLW,,/products/stock/GLW/
GLXY,,/products/stock/GLXY/
GM,,/products/stock/GM/
GMAB,,/products/stock/GMAB/
GME,,/products/stock/GME/
GMED,,/products/stock/GMED/
GNTX,,/products/stock/GNTX/
GO,,/products/stock/GO/
GOOGL,,/products/stock/GOOGL/
GOOS,,/products/stock/GOOS/
GPC,,/products/stock/GPC/
GPK,,/products/stock/GPK/
GPN,,/products/stock/GPN/
GRMN,,/products/stock/GRMN/
GS,,/products/stock/GS/
GSK,,/products/stock/GSK/
GTLB,,/products/stock/GTLB/
GWRE,,/products/stock/GWRE/
GWW,,/products/stock/GWW/
H,,/products/stock/H/
HAL,,/products/stock/HAL/
HALO,,/products/stock/HALO/
HAS,,/products/stock/HAS/
HBAN,,/products/stock/HBAN/
HCA,,/products/stock/HCA/
HD,,/products/stock/HD/
HEI,,/products/stock/HEI/
HIG,,/products/stock/HIG/
HII,,/products/stock/HII/
HIMS,,/products/stock/HIMS/
HLF,,/products/stock/HLF/
HLI,,/products/stock/HLI/
HLT,,/products/stock/HLT/
HMC,,/products/stock/HMC/
HMY,,/products/stock/HMY/
HOG,,/products/stock/HOG/
HOLX,,/products/stock/HOLX/
HON,,/products/stock/HON/
HOOD,,/products/stock/HOOD/
HPQ,,/products/stock/HPQ/
HRB,,/products/stock/HRB/
HRL,,/products/stock/HRL/
HSIC,,/products/stock/HSIC/
HST,,/products/stock/HST/
HSY,,/products/stock/HSY/
HTGC,,/products/stock/HTGC/
HTHT,,/products/stock/HTHT/
HUBB,,/products/stock/HUBB/
HUBS,,/products/stock/HUBS/
HUM,,/products/stock/HUM/
HUN,,/products/stock/HUN/
HUT,,/products/stock/HUT/
HUYA,,/products/stock/HUYA/
HWM,,/products/stock/HWM/
HXL,,/products/stock/HXL/
IAC,,/products/stock/IAC/
IBKR,,/products/stock/IBKR/
IBM,,/products/stock/IBM/
IBN,,/products/stock/IBN/
ICE,,/products/stock/ICE/
ICLR,,/products/stock/ICLR/
IDXX,,/products/stock/IDXX/
IEX,,/products/stock/IEX/
IFF,,/products/stock/IFF/
IHG,,/products/stock/IHG/
ILMN,,/products/stock/ILMN/
IMO,,/products/stock/IMO/
INCY,,/products/stock/INCY/
INFY,,/products/stock/INFY/
ING,,/products/stock/ING/
INGR,,/products/stock/INGR/
INSM,,/products/stock/INSM/
INTC,,/products/stock/INTC/
INTU,,/products/stock/INTU/
INVH,,/products/stock/INVH/
IONQ,,/products/stock/IONQ/
IONS,,/products/stock/IONS/
IOT,,/products/stock/IOT/
IP,,/products/stock/IP/
IPGP,,/products/stock/IPGP/
IQV,,/products/stock/IQV/
IR,,/products/stock/IR/
IRDM,,/products/stock/IRDM/
IREN,,/products/stock/IREN/
IRM,,/products/stock/IRM/
ISRG,,/products/stock/ISRG/
IT,,/products/stock/IT/
ITT,,/products/stock/ITT/
ITW,,/products/stock/ITW/
IVZ,,/products/stock/IVZ/
IX,,/products/stock/IX/
J,,/products/stock/J/
JAZZ,,/products/stock/JAZZ/
JBHT,,/products/stock/JBHT/
JBL,,/products/stock/JBL/
JBLU,,/products/stock/JBLU/
JCI,,/products/stock/JCI/
JD,,/products/stock/JD/
JEF,,/products/stock/JEF/
JHG,,/products/stock/JHG/
JKHY,,/products/stock/JKHY/
JKS,,/products/stock/JKS/
JLL,,/products/stock/JLL/
JNJ,,/products/stock/JNJ/
JOBY,,/products/stock/JOBY/
JPM,,/products/stock/JPM/
JUVE,,/products/stock/JUVE/
KB,,/products/stock/KB/
KBR,,/products/stock/KBR/
KC,,/products/stock/KC/
KDP,,/products/stock/KDP/
KEP,,/products/stock/KEP/
KEX,,/products/stock/KEX/
KEY,,/products/stock/KEY/
KEYS,,/products/stock/KEYS/
KGC,,/products/stock/KGC/
KHC,,/products/stock/KHC/
KIM,,/products/stock/KIM/
KKR,,/products/stock/KKR/
KLAC,,/products/stock/KLAC/
KLAR,,/products/stock/KLAR/
KMB,,/products/stock/KMB/
KMI,,/products/stock/KMI/
KMT,,/products/stock/KMT/
KMX,,/products/stock/KMX/
KNX,,/products/stock/KNX/
KO,,/products/stock/KO/
KR,,/products/stock/KR/
KRC,,/products/stock/KRC/
KSPI,,/products/stock/KSPI/
KSS,,/products/stock/KSS/
KTOS,,/products/stock/KTOS/
KVUE,,/products/stock/KVUE/
L,,/products/stock/L/
LAMR,,/products/stock/LAMR/
LAUR,,/products/stock/LAUR/
LAZ,,/products/stock/LAZ/
LBTYA,,/products/stock/LBTYA/
LCID,,/products/stock/LCID/
LDOS,,/products/stock/LDOS/
LEA,,/products/stock/LEA/
LECO,,/products/stock/LECO/
LEG,,/products/stock/LEG/
LEN,,/products/stock/LEN/
LEVI,,/products/stock/LEVI/
LFUS,,/products/stock/LFUS/
LH,,/products/stock/LH/
LHX,,/products/stock/LHX/
LI,,/products/stock/LI/
LII,,/products/stock/LII/
LIN,,/products/stock/LIN/
LITE,,/products/stock/LITE/
LKQ,,/products/stock/LKQ/
LLY,,/products/stock/LLY/
LMND,,/products/stock/LMND/
LMT,,/products/stock/LMT/
LNC,,/products/stock/LNC/
LNG,,/products/stock/LNG/
LNT,,/products/stock/LNT/
LOGI,,/products/stock/LOGI/
LOW,,/products/stock/LOW/
LPLA,,/products/stock/LPLA/
LPX,,/products/stock/LPX/
LRCX,,/products/stock/LRCX/
LSCC,,/products/stock/LSCC/
LULU,,/products/stock/LULU/
LUMN,,/products/stock/LUMN/
LUV,,/products/stock/LUV/
LVS,,/products/stock/LVS/
LYB,,/products/stock/LYB/
LYFT,,/products/stock/LYFT/
LYV,,/products/stock/LYV/
LZ,,/products/stock/LZ/
M,,/products/stock/M/
MA,,/products/stock/MA/
MAA,,/products/stock/MAA/
MAN,,/products/stock/MAN/
MAR,,/products/stock/MAR/
MARA,,/products/stock/MARA/
MAS,,/products/stock/MAS/
MASI,,/products/stock/MASI/
MAT,,/products/stock/MAT/
MBG,,/products/stock/MBG/
MBLY,,/products/stock/MBLY/
MCD,,/products/stock/MCD/
MCHP,,/products/stock/MCHP/
MCK,,/products/stock/MCK/
MCO,,/products/stock/MCO/
MDB,,/products/stock/MDB/
MDGL,,/products/stock/MDGL/
MDLZ,,/products/stock/MDLZ/
MDT,,/products/stock/MDT/
MDU,,/products/stock/MDU/
MEDP,,/products/stock/MEDP/
MELI,,/products/stock/MELI/
MET,,/products/stock/MET/
META,,/products/stock/META/
MFC,,/products/stock/MFC/
MGA,,/products/stock/MGA/
MGM,,/products/stock/MGM/
MHK,,/products/stock/MHK/
MIDD,,/products/stock/MIDD/
MKC,,/products/stock/MKC/
MKL,,/products/stock/MKL/
MLCO,,/products/stock/MLCO/
MLI,,/products/stock/MLI/
MLM,,/products/stock/MLM/
MMC,,/products/stock/MMC/
MMSI,,/products/stock/MMSI/
MMYT,,/products/stock/MMYT/
MNDY,,/products/stock/MNDY/
MNST,,/products/stock/MNST/
MO,,/products/stock/MO/
MOS,,/products/stock/MOS/
MP,,/products/stock/MP/
MPC,,/products/stock/MPC/
MPLX,,/products/stock/MPLX/
MPWR,,/products/stock/MPWR/
MRCY,,/products/stock/MRCY/
MRK,,/products/stock/MRK/
MRNA,,/products/stock/MRNA/
MRVL,,/products/stock/MRVL/
MS,,/products/stock/MS/
MSCI,,/products/stock/MSCI/
MSFT,,/products/stock/MSFT/
MSGS,,/products/stock/MSGS/
MSI,,/products/stock/MSI/
MSM,,/products/stock/MSM/
MSTR,,/products/stock/MSTR/
MT,,/products/stock/MT/
MTB,,/products/stock/MTB/
MTCH,,/products/stock/MTCH/
MTD,,/products/stock/MTD/
MTG,,/products/stock/MTG/
MTSI,,/products/stock/MTSI/
MTZ,,/products/stock/MTZ/
MU,,/products/stock/MU/
MUFG,,/products/stock/MUFG/
NBIX,,/products/stock/NBIX/
NCLH,,/products/stock/NCLH/
NDAQ,,/products/stock/NDAQ/
NDSN,,/products/stock/NDSN/
NEE,,/products/stock/NEE/
NEM,,/products/stock/NEM/
NET,,/products/stock/NET/
NEU,,/products/stock/NEU/
NFG,,/products/stock/NFG/
NFLX,,/products/stock/NFLX/
NGG,,/products/stock/NGG/
NI,,/products/stock/NI/
NIO,,/products/stock/NIO/
NKE,,/products/stock/NKE/
NLY,,/products/stock/NLY/
NOC,,/products/stock/NOC/
NOV,,/products/stock/NOV/
NOW,,/products/stock/NOW/
NRG,,/products/stock/NRG/
NSC,,/products/stock/NSC/
NTAP,,/products/stock/NTAP/
NTES,,/products/stock/NTES/
NTNX,,/products/stock/NTNX/
NTR,,/products/stock/NTR/
NTRA,,/products/stock/NTRA/
NTRS,,/products/stock/NTRS/
NU,,/products/stock/NU/
NUE,,/products/stock/NUE/
NVDA,,/products/stock/NVDA/
NVO,,/products/stock/NVO/
NVR,,/products/stock/NVR/
NVS,,/products/stock/NVS/
NVT,,/products/stock/NVT/
NWG,,/products/stock/NWG/
NWL,,/products/stock/NWL/
NWSA,,/products/stock/NWSA/
NXPI,,/products/stock/NXPI/
NXT,,/products/stock/NXT/
O,,/products/stock/O/
OC,,/products/stock/OC/
ODFL,,/products/stock/ODFL/
OGE,,/products/stock/OGE/
OHI,,/products/stock/OHI/
OKE,,/products/stock/OKE/
OKLO,,/products/stock/OKLO/
OKTA,,/products/stock/OKTA/
OMC,,/products/stock/OMC/
ON,,/products/stock/ON/
ONC,,/products/stock/ONC/
ONON,,/products/stock/ONON/
OPEN,,/products/stock/OPEN/
ORCL,,/products/stock/ORCL/
ORI,,/products/stock/ORI/
ORLY,,/products/stock/ORLY/
OSK,,/products/stock/OSK/
OTEX,,/products/stock/OTEX/
OTIS,,/products/stock/OTIS/
OVV,,/products/stock/OVV/
OWL,,/products/stock/OWL/
OXY,,/products/stock/OXY/
P911,,/products/stock/P911/
PAA,,/products/stock/PAA/
PAAS,,/products/stock/PAAS/
PAGS,,/products/stock/PAGS/
PANW,,/products/stock/PANW/
PATH,,/products/stock/PATH/
PAYC,,/products/stock/PAYC/
PAYX,,/products/stock/PAYX/
PB,,/products/stock/PB/
PBA,,/products/stock/PBA/
PBR,,/products/stock/PBR/
PCAR,,/products/stock/PCAR/
PCG,,/products/stock/PCG/
PCOR,,/products/stock/PCOR/
PDD,,/products/stock/PDD/
PEG,,/products/stock/PEG/
PENN,,/products/stock/PENN/
PEP,,/products/stock/PEP/
PFE,,/products/stock/PFE/
PFG,,/products/stock/PFG/
PFGC,,/products/stock/PFGC/
PG,,/products/stock/PG/
PGR,,/products/stock/PGR/
PH,,/products/stock/PH/
PHG,,/products/stock/PHG/
PHM,,/products/stock/PHM/
PII,,/products/stock/PII/
PINS,,/products/stock/PINS/
PKG,,/products/stock/PKG/
PKX,,/products/stock/PKX/
PLD,,/products/stock/PLD/
PLNT,,/products/stock/PLNT/
PLTR,,/products/stock/PLTR/
PM,,/products/stock/PM/
PNC,,/products/stock/PNC/
PNR,,/products/stock/PNR/
PODD,,/products/stock/PODD/
POOL,,/products/stock/POOL/
PPG,,/products/stock/PPG/
PPL,,/products/stock/PPL/
PR,,/products/stock/PR/
PRU,,/products/stock/PRU/
PSA,,/products/stock/PSA/
PSFE,,/products/stock/PSFE/
PSKY,,/products/stock/PSKY/
PSNY,,/products/stock/PSNY/
PSTG,,/products/stock/PSTG/
PSX,,/products/stock/PSX/
PTC,,/products/stock/PTC/
PTON,,/products/stock/PTON/
PUK,,/products/stock/PUK/
PVH,,/products/stock/PVH/
PWR,,/products/stock/PWR/
PYPL,,/products/stock/PYPL/
Q,,/products/stock/Q/
QCOM,,/products/stock/QCOM/
QDEL,,/products/stock/QDEL/
QGEN,,/products/stock/QGEN/
QRVO,,/products/stock/QRVO/
QS,,/products/stock/QS/
QSR,,/products/stock/QSR/
QXO,,/products/stock/QXO/
RACE,,/products/stock/RACE/
RBA,,/products/stock/RBA/
RBC,,/products/stock/RBC/
RBLX,,/products/stock/RBLX/
RBRK,,/products/stock/RBRK/
RCI,,/products/stock/RCI/
RCL,,/products/stock/RCL/
RDDT,,/products/stock/RDDT/
RDN,,/products/stock/RDN/
RDY,,/products/stock/RDY/
REG,,/products/stock/REG/
REGN,,/products/stock/REGN/
RELX,,/products/stock/RELX/
REP,,/products/stock/REP/
RF,,/products/stock/RF/
RGA,,/products/stock/RGA/
RGLD,,/products/stock/RGLD/
RGTI,,/products/stock/RGTI/
RH,,/products/stock/RH/
RHI,,/products/stock/RHI/
RHM,,/products/stock/RHM/
RIG,,/products/stock/RIG/
RIO,,/products/stock/RIO/
RIOT,,/products/stock/RIOT/
RITM,,/products/stock/RITM/
RIVN,,/products/stock/RIVN/
RJF,,/products/stock/RJF/
RKLB,,/products/stock/RKLB/
RKT,,/products/stock/RKT/
RL,,/products/stock/RL/
RMBS,,/products/stock/RMBS/
RMD,,/products/stock/RMD/
RNO,,/products/stock/RNO/
RNR,,/products/stock/RNR/
ROIV,,/products/stock/ROIV/
ROK,,/products/stock/ROK/
ROKU,,/products/stock/ROKU/
ROL,,/products/stock/ROL/
ROP,,/products/stock/ROP/
ROST,,/products/stock/ROST/
RPD,,/products/stock/RPD/
RPM,,/products/stock/RPM/
RPRX,,/products/stock/RPRX/
RRX,,/products/stock/RRX/
RS,,/products/stock/RS/
RSG,,/products/stock/RSG/
RTO,,/products/stock/RTO/
RUN,,/products/stock/RUN/
RVMD,,/products/stock/RVMD/
RVTY,,/products/stock/RVTY/
RY,,/products/stock/RY/
RYAAY,,/products/stock/RYAAY/
RYAN,,/products/stock/RYAN/
RYN,,/products/stock/RYN/
S,,/products/stock/S/
SAIL,,/products/stock/SAIL/
SAP,,/products/stock/SAP/
SATS,,/products/stock/SATS/
SBAC,,/products/stock/SBAC/
SBRA,,/products/stock/SBRA/
SBS,,/products/stock/SBS/
SBSW,,/products/stock/SBSW/
SBUX,,/products/stock/SBUX/
SCCO,,/products/stock/SCCO/
SCHW,,/products/stock/SCHW/
SCI,,/products/stock/SCI/
SDGR,,/products/stock/SDGR/
SE,,/products/stock/SE/
SEDG,,/products/stock/SEDG/
SEE,,/products/stock/SEE/
SEIC,,/products/stock/SEIC/
SF,,/products/stock/SF/
SGI,,/products/stock/SGI/
SHAK,,/products/stock/SHAK/
SHC,,/products/stock/SHC/
SHEL,,/products/stock/SHEL/
SHG,,/products/stock/SHG/
SHOP,,/products/stock/SHOP/
SHW,,/products/stock/SHW/
SIE,,/products/stock/SIE/
SJM,,/products/stock/SJM/
SLAB,,/products/stock/SLAB/
SLB,,/products/stock/SLB/
SLF,,/products/stock/SLF/
SLG,,/products/stock/SLG/
SLGN,,/products/stock/SLGN/
SLM,,/products/stock/SLM/
SMCI,,/products/stock/SMCI/
SMFG,,/products/stock/SMFG/
SMG,,/products/stock/SMG/
SMMT,,/products/stock/SMMT/
SMR,,/products/stock/SMR/
SN,,/products/stock/SN/
SNA,,/products/stock/SNA/
SNAP,,/products/stock/SNAP/
SNDK,,/products/stock/SNDK/
SNN,,/products/stock/SNN/
SNOW,,/products/stock/SNOW/
SNPS,,/products/stock/SNPS/
SNX,,/products/stock/SNX/
SNY,,/products/stock/SNY/
SO,,/products/stock/SO/
SOFI,,/products/stock/SOFI/
SOLV,,/products/stock/SOLV/
SON,,/products/stock/SON/
SONO,,/products/stock/SONO/
SONY,,/products/stock/SONY/
SPB,,/products/stock/SPB/
SPCE,,/products/stock/SPCE/
SPG,,/products/stock/SPG/
SPGI,,/products/stock/SPGI/
SPOT,,/products/stock/SPOT/
SPXC,,/products/stock/SPXC/
SQM,,/products/stock/SQM/
SRAD,,/products/stock/SRAD/
SRE,,/products/stock/SRE/
SSL,,/products/stock/SSL/
SSNC,,/products/stock/SSNC/
STE,,/products/stock/STE/
STLA,,/products/stock/STLA/
STLD,,/products/stock/STLD/
STM,,/products/stock/STM/
STN,,/products/stock/STN/
STNE,,/products/stock/STNE/
STRL,,/products/stock/STRL/
STT,,/products/stock/STT/
STZ,,/products/stock/STZ/
SU,,/products/stock/SU/
SUI,,/products/stock/SUI/
SW,,/products/stock/SW/
SWK,,/products/stock/SWK/
SWKS,,/products/stock/SWKS/
SYF,,/products/stock/SYF/
SYK,,/products/stock/SYK/
SYM,,/products/stock/SYM/
SYY,,/products/stock/SYY/
T,,/products/stock/T/
TAK,,/products/stock/TAK/
TAL,,/products/stock/TAL/
TAP,,/products/stock/TAP/
TCOM,,/products/stock/TCOM/
TD,,/products/stock/TD/
TDG,,/products/stock/TDG/
TDY,,/products/stock/TDY/
TEAM,,/products/stock/TEAM/
TECK,,/products/stock/TECK/
TEL,,/products/stock/TEL/
TEM,,/products/stock/TEM/
TER,,/products/stock/TER/
TEVA,,/products/stock/TEVA/
TFC,,/products/stock/TFC/
TFX,,/products/stock/TFX/
TGT,,/products/stock/TGT/
TGTX,,/products/stock/TGTX/
THC,,/products/stock/THC/
THO,,/products/stock/THO/
TIMB,,/products/stock/TIMB/
TJX,,/products/stock/TJX/
TKO,,/products/stock/TKO/
TLK,,/products/stock/TLK/
TLN,,/products/stock/TLN/
TLRY,,/products/stock/TLRY/
TM,,/products/stock/TM/
TME,,/products/stock/TME/
TMO,,/products/stock/TMO/
TMUS,,/products/stock/TMUS/
TNDM,,/products/stock/TNDM/
TNL,,/products/stock/TNL/
TOL,,/products/stock/TOL/
TOST,,/products/stock/TOST/
TPG,,/products/stock/TPG/
TPL,,/products/stock/TPL/
TPR,,/products/stock/TPR/
TRGP,,/products/stock/TRGP/
TRI,,/products/stock/TRI/
TRIP,,/products/stock/TRIP/
TRMB,,/products/stock/TRMB/
TRN,,/products/stock/TRN/
TROW,,/products/stock/TROW/
TRP,,/products/stock/TRP/
TRU,,/products/stock/TRU/
TRV,,/products/stock/TRV/
TS,,/products/stock/TS/
TSCO,,/products/stock/TSCO/
TSEM,,/products/stock/TSEM/
TSLA,,/products/stock/TSLA/
TSM,,/products/stock/TSM/
TSN,,/products/stock/TSN/
TT,,/products/stock/TT/
TTC,,/products/stock/TTC/
TTD,,/products/stock/TTD/
TTWO,,/products/stock/TTWO/
TU,,/products/stock/TU/
TUI,,/products/stock/TUI/
TW,,/products/stock/TW/
TWLO,,/products/stock/TWLO/
TXN,,/products/stock/TXN/
TXT,,/products/stock/TXT/
TYL,,/products/stock/TYL/
U,,/products/stock/U/
UAA,,/products/stock/UAA/
UAL,,/products/stock/UAL/
UBER,,/products/stock/UBER/
UBS,,/products/stock/UBS/
UDR,,/products/stock/UDR/
UGI,,/products/stock/UGI/
UHS,,/products/stock/UHS/
UI,,/products/stock/UI/
UL,,/products/stock/UL/
ULS,,/products/stock/ULS/
ULTA,,/products/stock/ULTA/
UNH,,/products/stock/UNH/
UNM,,/products/stock/UNM/
UNP,,/products/stock/UNP/
UPS,,/products/stock/UPS/
URI,,/products/stock/URI/
USB,,/products/stock/USB/
USFD,,/products/stock/USFD/
UTHR,,/products/stock/UTHR/
V,,/products/stock/V/
VALE,,/products/stock/VALE/
VC,,/products/stock/VC/
VCYT,,/products/stock/VCYT/
VEEV,,/products/stock/VEEV/
VFC,,/products/stock/VFC/
VFS,,/products/stock/VFS/
VICI,,/products/stock/VICI/
VIK,,/products/stock/VIK/
VIRT,,/products/stock/VIRT/
VIV,,/products/stock/VIV/
VLO,,/products/stock/VLO/
VLTO,,/products/stock/VLTO/
VMC,,/products/stock/VMC/
VMI,,/products/stock/VMI/
VNO,,/products/stock/VNO/
VNOM,,/products/stock/VNOM/
VOD,,/products/stock/VOD/
VOW,,/products/stock/VOW/
VRSK,,/products/stock/VRSK/
VRSN,,/products/stock/VRSN/
VRT,,/products/stock/VRT/
VRTX,,/products/stock/VRTX/
VST,,/products/stock/VST/
VTR,,/products/stock/VTR/
VTRS,,/products/stock/VTRS/
VYX,,/products/stock/VYX/
VZ,,/products/stock/VZ/
W,,/products/stock/W/
WAB,,/products/stock/WAB/
WAT,,/products/stock/WAT/
WB,,/products/stock/WB/
WBD,,/products/stock/WBD/
WBS,,/products/stock/WBS/
WCC,,/products/stock/WCC/
WCN,,/products/stock/WCN/
WDAY,,/products/stock/WDAY/
WDC,,/products/stock/WDC/
WDS,,/products/stock/WDS/
WEC,,/products/stock/WEC/
WELL,,/products/stock/WELL/
WEN,,/products/stock/WEN/
WES,,/products/stock/WES/
WEX,,/products/stock/WEX/
WF,,/products/stock/WF/
WFC,,/products/stock/WFC/
WHR,,/products/stock/WHR/
WLK,,/products/stock/WLK/
WM,,/products/stock/WM/
WMB,,/products/stock/WMB/
WMG,,/products/stock/WMG/
WMS,,/products/stock/WMS/
WPC,,/products/stock/WPC/
WPM,,/products/stock/WPM/
WRB,,/products/stock/WRB/
WSM,,/products/stock/WSM/
WSO,,/products/stock/WSO/
WST,,/products/stock/WST/
WTRG,,/products/stock/WTRG/
WTW,,/products/stock/WTW/
WU,,/products/stock/WU/
WWD,,/products/stock/WWD/
WY,,/products/stock/WY/
WYNN,,/products/stock/WYNN/
XEL,,/products/stock/XEL/
XOM,,/products/stock/XOM/
XP,,/products/stock/XP/
XPEV,,/products/stock/XPEV/
XPO,,/products/stock/XPO/
XRAY,,/products/stock/XRAY/
XYL,,/products/stock/XYL/
XYZ,,/products/stock/XYZ/
YMM,,/products/stock/YMM/
YOU,,/products/stock/YOU/
YPF,,/products/stock/YPF/
YUM,,/products/stock/YUM/
YUMC,,/products/stock/YUMC/
ZBH,,/products/stock/ZBH/
ZBRA,,/products/stock/ZBRA/
ZD,,/products/stock/ZD/
ZETA,,/products/stock/ZETA/
ZION,,/products/stock/ZION/
ZM,,/products/stock/ZM/
ZS,,/products/stock/ZS/
ZTO,,/products/stock/ZTO/
ZTS,,/products/stock/ZTS/
ZYME,,/products/stock/ZYME/
